X,Y,FID,OBJECTID,Fin_origin,F_Ampliada,F_Conjunt,Tipo,Vazao_m³_,Vazao_m³1,Emissao,Validade,Ato_normat,Municipio,UF,Bacia,Corpo_hid,Lat_decim,Long_decim
-45.9728700394429,-12.0662697987881,0,1,DESSEDENTAÇÃO ANIMAL,Dessedentação animal,Outros,Superficial,8.875,0.002465,2014/02/21 00:00:00+00,2018/02/20 00:00:00+00,6997/14,LUIS EDUARDO MAGALHÃES,BA, ,BALSAS,-12.065833,-45.9725
-45.9728700196421,-12.0518252863394,1,2,DESSEDENTAÇÃO ANIMAL,Dessedentação animal,Outros,Superficial,4.375,0.001215,2014/07/10 00:00:00+00,2018/07/10 00:00:00+00,7857/14,LUIS EDUARDO MAGALHÃES,BA, ,BALSAS,-12.051389,-45.9725
-45.040365006479,-12.815719007818,2,3,DESSEDENTAÇÃO ANIMAL,Dessedentação animal,Outros,Superficial,6.666667,0.001852,2015/07/16 00:00:00+00,2019/07/15 00:00:00+00,10.021/15,SÃO DESIDÉRIO,BA, ,RIO DOS PORCOS,-12.815278,-45.04
-45.9495366966526,-12.169436976973,3,4,CONSUMO INDUSTRIAL,Indústria,Indústria,Superficial,2.5,0.000694,2014/09/30 00:00:00+00,2018/09/29 00:00:00+00,8459/14,LUIS EDUARDO MAGALHÃES,BA, ,RIO DAS PEDRAS,-12.169,-45.949167
-45.72106318931,-12.3100490503826,4,5,CONSUMO INDUSTRIAL,Indústria,Indústria,Superficial,6.25,0.001736,2015/07/23 00:00:00+00,2019/07/22 00:00:00+00,10.061/15,LUIS EDUAROD MAGALHÃES,BA, ,RIO DE ONDAS,-12.309611,-45.720694
-44.7823052358888,-13.00016189549,5,6,CONSUMO INDUSTRIAL,Indústria,Indústria,Superficial,370,0.102778,2015/07/31 00:00:00+00,2018/07/30 00:00:00+00,10.129/15,SÃO DESIDÉRIO,BA, ,RIO GUARÁ,-12.999719,-44.781942
-45.4956481537658,-14.3546142101945,6,7,IRRIGAÇÃO,Irrigação,Irrigação,Superficial,3335.541667,0.926539,2013/08/23 00:00:00+00,2017/08/23 00:00:00+00,5651/13,JABORANDI,BA, ,RIO FORMOSO,-14.354167,-45.495278
-45.408980820975,-14.2965585327422,7,8,IRRIGAÇÃO,Irrigação,Irrigação,Superficial,1719.166667,0.477546,2013/08/23 00:00:00+00,2017/08/23 00:00:00+00,5650/13,JABORANDI,BA, ,RIO FORMOSO,-14.296111,-45.408611
-45.5425897856915,-12.2965492275773,8,9,IRRIGAÇÃO,Irrigação,Irrigação,Superficial,1008.375,0.280104,2013/09/08 00:00:00+00,2017/09/08 00:00:00+00,5795/13,BARREIRAS,BA, ,RIO DE ONDAS,-12.296111,-45.542222
-45.1917543770757,-12.4537726611385,9,10,IRRIGAÇÃO,Irrigação,Irrigação,Superficial,7756.666667,2.15463,2013/09/10 00:00:00+00,2017/09/10 00:00:00+00,5800/13,SÃO DESIDÉRIO,BA, ,RIO DAS FÊMEAS,-12.453333,-45.191389
-45.7695349097562,-11.71043505695,10,11,IRRIGAÇÃO,Irrigação,Irrigação,Superficial,1247.541667,0.346539,2013/09/10 00:00:00+00,2017/09/10 00:00:00+00,5798/13,BARREIRAS,BA, ,RIO BRANCO,-11.71,-45.769167
-45.6531455333747,-11.9104361539064,11,12,IRRIGAÇÃO,Irrigação,Irrigação,Superficial,2018.958333,0.560822,2013/09/11 00:00:00+00,2017/09/01 00:00:00+00,5810/13,BARREIRAS,BA, ,RIO DE JANEIRO,-11.91,-45.652778
-45.6746465999636,-12.5790503638146,12,13,IRRIGAÇÃO,Irrigação,Irrigação,Superficial,1000,0.277778,2013/09/20 00:00:00+00,2017/09/20 00:00:00+00,5928/13,SÃO DESIDÉRIO,BA, ,RIO RODA VELHA,-12.578611,-45.674278
-45.7531470304057,-12.5226611057197,13,14,IRRIGAÇÃO,Irrigação,Irrigação,Superficial,733.5,0.20375,2013/10/04 00:00:00+00,2017/10/04 00:00:00+00,6057/13,SÃO DESIDÉRIO,BA, ,RIO VEREDÃO,-12.522222,-45.752778
-45.3417580721346,-14.245169521106,14,15,IRRIGAÇÃO,Irrigação,Irrigação,Superficial,5431.541667,1.508762,2013/10/20 00:00:00+00,2017/10/20 00:00:00+00,6153/13,JABORANDI,BA, ,RIO FORMOSO,-14.244722,-45.341389
-46.0173150510293,-12.267937343501,15,16,IRRIGAÇÃO,Irrigação,Irrigação,Superficial,666.666667,0.185185,2013/10/20 00:00:00+00,2017/10/20 00:00:00+00,6150/13,SÃO DESIDÉRIO,BA, ,RIO BORÁ,-12.2675,-46.016944
-45.5212005745042,-12.1634930755701,16,17,IRRIGAÇÃO,Irrigação,Irrigação,Superficial,1931.125,0.536424,2013/10/31 00:00:00+00,2017/10/31 00:00:00+00,6248/13,UIS EDUARDO MAGALHÃES,BA, ,RIO DE PEDRAS,-12.163056,-45.520833
-45.5212005745042,-12.1634930755701,17,18,IRRIGAÇÃO,Irrigação,Irrigação,Superficial,1931.125,0.536424,2013/10/31 00:00:00+00,2017/10/31 00:00:00+00,6248/13,UIS EDUARDO MAGALHÃES,BA, ,RIO DE PEDRAS,-12.163056,-45.520833
-45.61009054316,-12.5226613018728,18,19,IRRIGAÇÃO,Irrigação,Irrigação,Superficial,863.083333,0.239745,2013/11/05 00:00:00+00,2017/11/05 00:00:00+00,6279/13,SÃO DESIDÉRIO,BA, ,RODA VELHA,-12.522222,-45.609722
-45.7203687389433,-12.3094379374698,19,20,IRRIGAÇÃO,Irrigação,Irrigação,Superficial,894.125,0.248368,2013/11/05 00:00:00+00,2017/11/05 00:00:00+00,6273/13,LUIS EDUARDO MAGALHAES,BA, ,RIO DE ONDAS,-12.309,-45.72
-45.5610621080812,-12.2821324682416,20,21,IRRIGAÇÃO,Irrigação,Irrigação,Superficial,911.916667,0.25331,2013/11/10 00:00:00+00,2017/11/10 00:00:00+00,6314/13,BARREIRAS,BA, ,RIO DE ONDAS,-12.281694,-45.560694
-45.9606479915036,-12.2493262226268,21,22,IRRIGAÇÃO,Irrigação,Irrigação,Superficial,1230.041667,0.341678,2013/11/13 00:00:00+00,2017/11/13 00:00:00+00,6345/13,LUIS EDUARDO MAGALHAES,BA, ,RIO BORÁ,-12.248889,-45.960278
-45.1107547563216,-13.0881646187518,22,23,IRRIGAÇÃO,Irrigação,Irrigação,Superficial,548.833333,0.152454,2013/11/13 00:00:00+00,2017/11/13 00:00:00+00,6346/13,SÃO DESIDÉRIO,BA, ,RIO GUARÁ,-13.087722,-45.110389
-45.5484240944988,-12.9518300377434,23,24,IRRIGAÇÃO,Irrigação,Irrigação,Superficial,1058.416667,0.294005,2013/11/13 00:00:00+00,2017/11/13 00:00:00+00,6347/13,SÃO DESIDÉRIO,BA, ,RIO GRANDE,-12.951389,-45.548056
-45.040365006479,-12.815719007818,24,25,IRRIGAÇÃO,Irrigação,Irrigação,Superficial,1009.666667,0.280463,2013/11/19 00:00:00+00,2017/11/19 00:00:00+00,6374/13,BARREIRAS,BA, ,RIO DOS PORCOS,-12.815278,-45.04
-45.6078689624009,-12.9759967304973,25,26,IRRIGAÇÃO,Irrigação,Irrigação,Superficial,2972.75,0.825764,2013/11/19 00:00:00+00,2017/11/19 00:00:00+00,6373/13,SÃO DESIDÉRIO,BA, ,GRANDE,-12.975556,-45.6075
-45.7142568104167,-11.7376574800776,26,27,IRRIGAÇÃO,Irrigação,Irrigação,Superficial,2991.25,0.830903,2013/11/26 00:00:00+00,2017/11/26 00:00:00+00,6415/13,BARREIRAS,BA, ,RIO BRANCO,-11.737222,-45.713889
-45.0405038966221,-12.8158773413644,27,28,IRRIGAÇÃO,Irrigação,Irrigação,Superficial,1517.833333,0.42162,2013/11/26 00:00:00+00,2017/11/26 00:00:00+00,6414/13,SÃO DESIDÉRIO,BA, ,RIO DOS PORCOS,-12.815436,-45.040139
-45.5479234155067,-12.4836056491295,28,29,IRRIGAÇÃO,Irrigação,Irrigação,Superficial,16.666667,0.00463,2013/12/01 00:00:00+00,2017/12/01 00:00:00+00,6461/13,SÃO DESIDÉRIO,BA, ,RIO DAS FÊMEAS,-12.483167,-45.547556
-45.5773144115796,-13.7665559149518,29,30,IRRIGAÇÃO,Irrigação,Irrigação,Superficial,1524.833333,0.423565,2013/12/06 00:00:00+00,2017/12/06 00:00:00+00,6504/13,CORRENTINA,BA, ,RIO ARROJADO,-13.766111,-45.576944
-45.4317843672691,-12.9011633018793,30,31,IRRIGAÇÃO,Irrigação,Irrigação,Superficial,2794.916667,0.776366,2013/12/12 00:00:00+00,2017/12/12 00:00:00+00,6550/13,SÃO DESIDÉRIO,BA, ,RIO GRANDE,-12.900722,-45.431417
-45.7559242836013,-12.1344926272993,31,32,IRRIGAÇÃO,Irrigação,Irrigação,Superficial,975.416667,0.270949,2013/12/17 00:00:00+00,2017/12/17 00:00:00+00,6568/13,LUIS EDUARDO MAGALHÃES,BA, ,RIO DA PEDRA,-12.134056,-45.755556
-45.7898136443892,-12.31682676712,32,33,IRRIGAÇÃO,Irrigação,Irrigação,Superficial,1974.083333,0.548356,2013/12/17 00:00:00+00,2017/12/17 00:00:00+00,6569/13,LUIS EDUARDO MAGALHÃES,BA, ,RIO BORÁ,-12.316389,-45.789444
-45.5427318964613,-14.4152532924267,33,34,IRRIGAÇÃO,Irrigação,Irrigação,Superficial,6202.666667,1.722963,2013/12/29 00:00:00+00,2017/12/29 00:00:00+00,6641/13,JABORANDI,BA, ,RIO FORMOSO,-14.414806,-45.542361
-45.93037038782,-12.5121052583447,34,35,IRRIGAÇÃO,Irrigação,Irrigação,Superficial,876.583333,0.243495,2014/01/05 00:00:00+00,2018/01/04 00:00:00+00,6681/14,SÃO DESIDÉRIO,BA, ,FÊMEAS,-12.511667,-45.93
-45.8325953442651,-14.6746150746607,35,36,IRRIGAÇÃO,Irrigação,Irrigação,Superficial,1621.291667,0.450359,2014/01/07 00:00:00+00,2018/01/06 00:00:00+00,6882/14,COCOS,BA, ,FORMOSO,-14.674167,-45.832222
-45.597645905553,-12.4430776156071,36,37,IRRIGAÇÃO,Irrigação,Irrigação,Superficial,1067.125,0.296424,2014/01/18 00:00:00+00,2018/01/17 00:00:00+00,6752/14,SÃO DESIDÉRIO,BA, ,FÊMEAS,-12.442639,-45.597278
-45.7493406800314,-11.9675196301631,37,38,IRRIGAÇÃO,Irrigação,Irrigação,Superficial,1359.541667,0.37765,2014/01/21 00:00:00+00,2018/01/20 00:00:00+00,6769/14,LUIS EDUARDO MAGALHÃES,BA, ,BALSAS,-11.967083,-45.748972
-45.1834232245195,-13.9530851237902,38,39,IRRIGAÇÃO,Irrigação,Irrigação,Superficial,2435.5,0.676528,2014/01/23 00:00:00+00,2018/01/22 00:00:00+00,6784/14,JABORANDI,BA, ,PRATUDÃO,-13.952639,-45.183056
-45.9864809522572,-11.8557132390498,39,40,IRRIGAÇÃO,Irrigação,Irrigação,Superficial,2180.416667,0.605671,2014/02/14 00:00:00+00,2018/02/13 00:00:00+00,6946/14,BARREIRAS,BA, ,RIO DE JANEIRO,-11.855278,-45.986111
-45.7407295166684,-11.9708529911568,40,41,IRRIGAÇÃO,Irrigação,Irrigação,Superficial,1656,0.46,2014/02/23 00:00:00+00,2018/02/22 00:00:00+00,7006/14,BARREIRAS,BA, ,BALSAS,-11.970417,-45.740361
-45.6670345430392,-11.9337695789414,41,42,IRRIGAÇÃO,Irrigação,Irrigação,Superficial,1257.958333,0.349433,2014/02/28 00:00:00+00,2018/02/27 00:00:00+00,7048/14,BALSAS,BA, ,BARREIRAS,-11.933333,-45.666667
-45.8694807814338,-12.2833265036491,42,43,IRRIGAÇÃO,Irrigação,Irrigação,Superficial,1838.25,0.510625,2014/03/08 00:00:00+00,2018/03/08 00:00:00+00,7053/14,LUIS EDUARDO MAGALHÃES,BA, ,RIO BORÁ,-12.282889,-45.869111
-45.499533788123,-12.1801598497776,43,44,IRRIGAÇÃO,Irrigação,Irrigação,Superficial,656.333333,0.182315,2014/03/13 00:00:00+00,2018/03/13 00:00:00+00,7086/14,BARREIRAS,BA, ,RIO DAS PEDRAS,-12.179722,-45.499167
-45.7245349290533,-11.9423806553105,44,45,IRRIGAÇÃO,Irrigação,Irrigação,Superficial,2925.375,0.812604,2014/03/16 00:00:00+00,2018/03/16 00:00:00+00,7120/14,BARREIRAS,BA, ,RIO DAS BALSAS,-11.941944,-45.724167
-45.7261473426639,-12.8608849243381,45,46,IRRIGAÇÃO,Irrigação,Irrigação,Superficial,2908.208333,0.807836,2014/03/19 00:00:00+00,2018/03/19 00:00:00+00,7145/14,LUIS EDUARDO MAGALHÃES,BA, ,RIO GALHEIRÃO,-12.860444,-45.725778
-45.4837036192932,-14.3473919749961,46,47,IRRIGAÇÃO,Irrigação,Irrigação,Superficial,2954.333333,0.820648,2014/03/25 00:00:00+00,2018/03/25 00:00:00+00,7178/14,JABORANDI,BA, ,RIO FORMOSO,-14.346944,-45.483333
-45.5994519986006,-12.8108015389634,47,48,IRRIGAÇÃO,Irrigação,Irrigação,Superficial,2000,0.555556,2014/03/28 00:00:00+00,2018/03/28 00:00:00+00,7211/14,SÃO DESIDÉRIO,BA, ,RIO GALHEIRÃO,-12.810361,-45.599083
-45.1897543611119,-12.4517448763101,48,49,IRRIGAÇÃO,Irrigação,Irrigação,Superficial,7756.666667,2.15463,2014/03/28 00:00:00+00,2018/03/28 00:00:00+00,7209/14,SÃO DESIDÉRIO,BA, ,RIO DAS FÊMEAS,-12.451306,-45.189389
-45.7337015755778,-11.8837692559551,49,50,IRRIGAÇÃO,Irrigação,Irrigação,Superficial,964.583333,0.26794,2014/04/03 00:00:00+00,2018/04/03 00:00:00+00,7227/14,BARREIRAS,BA, ,RIO DE JANEIRO,-11.883333,-45.733333
-45.9209268564123,-13.1762749722158,50,51,IRRIGAÇÃO,Irrigação,Irrigação,Superficial,609.833333,0.169398,2014/04/06 00:00:00+00,2018/04/06 00:00:00+00,7255/14,SÃO DESIDÉRIO,BA, ,RIO GRANDE,-13.175833,-45.920556
-45.6398119385584,-11.7801577765394,51,52,IRRIGAÇÃO,Irrigação,Irrigação,Superficial,658.5,0.182917,2014/04/06 00:00:00+00,2018/04/06 00:00:00+00,7256/14,RIACHÃO DAS NEVES,BA, ,RIO BRANCO,-11.779722,-45.639444
-45.275644323776,-12.8109964359345,52,53,IRRIGAÇÃO,Irrigação,Irrigação,Superficial,314.25,0.087292,2014/04/06 00:00:00+00,2018/04/06 00:00:00+00,7257/14,SÃO DESIDÉRIO,BA, ,RIO GRANDE,-12.810556,-45.275278
-45.6892568651219,-11.900158280264,53,54,IRRIGAÇÃO,Irrigação,Irrigação,Superficial,1010.375,0.28066,2014/04/08 00:00:00+00,2018/04/08 00:00:00+00,7273/14,BARREIRAS,BA, ,RIO DE JANEIRO,-11.899722,-45.688889
-45.4192556720292,-12.3140494752774,54,55,IRRIGAÇÃO,Irrigação,Irrigação,Superficial,718.333333,0.199537,2014/04/10 00:00:00+00,2018/04/10 00:00:00+00,7300/14,BARREIRAS,BA, ,RIO DE ONDAS,-12.313611,-45.418889
-45.7964251230403,-12.5460778215765,55,56,IRRIGAÇÃO,Irrigação,Irrigação,Superficial,320,0.088889,2014/04/13 00:00:00+00,2018/04/13 00:00:00+00,7314/14,SÃO DESIDÉRIO,BA, ,RIO VEREDÃO,-12.545639,-45.796056
-45.8653700054899,-12.5396054747425,56,57,IRRIGAÇÃO,Irrigação,Irrigação,Superficial,283.25,0.078681,2014/04/17 00:00:00+00,2018/04/17 00:00:00+00,7340/14,SÃO DESIDÉRIO,BA, ,RIO VEREDINHA,-12.539167,-45.865
-45.5859227093542,-11.7869634343466,57,58,IRRIGAÇÃO,Irrigação,Irrigação,Superficial,3268.625,0.907951,2014/04/29 00:00:00+00,2018/04/29 00:00:00+00,7370/14,RIACHÃO DAS NEVES,BA, ,RIO BRANCO,-11.786528,-45.585556
-45.5859227093542,-11.7869634343466,58,59,IRRIGAÇÃO,Irrigação,Irrigação,Superficial,3268.625,0.907951,2014/04/29 00:00:00+00,2018/04/29 00:00:00+00,7370/14,RIACHÃO DAS NEVES,BA, ,RIO BRANCO,-11.786528,-45.585556
-45.7245349354328,-11.9471029005603,59,60,IRRIGAÇÃO,Irrigação,Irrigação,Superficial,597.125,0.165868,2014/05/01 00:00:00+00,2018/05/01 00:00:00+00,7393/14,LUIS EDUARDO MAGALHÃES,BA, ,RIO DE JANEIRO,-11.946667,-45.724167
-45.5579785880848,-12.1612430171116,60,61,IRRIGAÇÃO,Irrigação,Irrigação,Superficial,444.541667,0.123484,2014/05/01 00:00:00+00,2018/05/01 00:00:00+00,7391/14,BARREIRAS,BA, ,RIO DAS PEDRAS,-12.160806,-45.557611
-45.6588400152718,-11.9111028166264,61,62,IRRIGAÇÃO,Irrigação,Irrigação,Superficial,973,0.270278,2014/05/07 00:00:00+00,2018/05/07 00:00:00+00,7911/14,BARREIRAS,BA, ,RIO DE JANEIRO,-11.910667,-45.658472
-45.7164801071797,-12.5101610980962,62,63,IRRIGAÇÃO,Irrigação,Irrigação,Superficial,733.333333,0.203704,2014/05/07 00:00:00+00,2018/05/07 00:00:00+00,7410/14,SÃO DESIDÉRIO,BA, ,RIO VEREDÃO,-12.509722,-45.716111
-45.1787019289828,-14.5437822080281,63,64,IRRIGAÇÃO,Irrigação,Irrigação,Superficial,1.130875,0.000314,2014/05/08 00:00:00+00,2018/05/08 00:00:00+00,7424/14,CÔCOS,BA, ,RIACHO DO MEIO,-14.543333,-45.178333
-45.2970333661693,-12.8193297788231,64,65,IRRIGAÇÃO,Irrigação,Irrigação,Superficial,1604.708333,0.445752,2014/05/18 00:00:00+00,2018/05/18 00:00:00+00,7523/14,SÃO DESIDÉRIO,BA, ,RIO GRANDE,-12.818889,-45.296667
-45.3786998585054,-12.3187717738909,65,66,IRRIGAÇÃO,Irrigação,Irrigação,Superficial,899.458333,0.24985,2014/05/18 00:00:00+00,2018/05/18 00:00:00+00,7511/14,BARREIRAS,BA, ,RIO SÃO FRANCISO,-12.318333,-45.378333
-45.6360265021527,-12.2935157547627,66,67,IRRIGAÇÃO,Irrigação,Irrigação,Superficial,562.5,0.15625,2014/05/18 00:00:00+00,2018/05/18 00:00:00+00,7515/14,BARREIRAS,BA, ,RIO DE ONDAS,-12.293078,-45.635658
-45.8889810612124,-12.3926603187551,67,68,IRRIGAÇÃO,Irrigação,Irrigação,Superficial,266.666667,0.074074,2014/05/18 00:00:00+00,2018/05/18 00:00:00+00,7512/14,LUIS EDUARDO MAGALHÃES,BA, ,RIO DE ONDAS,-12.392222,-45.888611
-45.9447034467498,-12.2517984776101,68,69,IRRIGAÇÃO,Irrigação,Irrigação,Superficial,1702.958333,0.473044,2014/05/18 00:00:00+00,2018/05/18 00:00:00+00,7513/14,LUIS EDUARDO MAGALHÃES,BA, ,RIO BORÁ,-12.251361,-45.944333
-45.3775892738762,-12.6976624350207,69,70,IRRIGAÇÃO,Irrigação,Irrigação,Superficial,382.833333,0.106343,2014/05/18 00:00:00+00,2018/05/18 00:00:00+00,7514/14,SÃO DESIDÉRIO,BA, ,RIO GALHEIRÃO,-12.697222,-45.377222
-45.6298398165724,-11.9034917074765,70,71,IRRIGAÇÃO,Irrigação,Irrigação,Superficial,250,0.069444,2014/05/22 00:00:00+00,2018/05/22 00:00:00+00,7557/14,BARREIRAS,BA, ,RIO DE JANEIRO,-11.903056,-45.629472
-45.6595388167461,-14.770726880426,71,72,IRRIGAÇÃO,Irrigação,Irrigação,Superficial,1302.708333,0.361863,2014/05/28 00:00:00+00,2018/05/28 00:00:00+00,7609/14,LUIS EDUARDO MAGALHÃES,BA, ,RIO BRANCO,-14.770278,-45.659167
-45.9606479915036,-12.2493262226268,72,73,IRRIGAÇÃO,Irrigação,Irrigação,Superficial,1230.041667,0.341678,2014/05/31 00:00:00+00,2018/05/31 00:00:00+00,7642/14,LUIZ EDUARDO MAGALHÃES,BA, ,RIO BORÁ,-12.248889,-45.960278
-45.9084251918562,-12.0759921508222,73,74,IRRIGAÇÃO,Irrigação,Irrigação,Superficial,289.5,0.080417,2014/06/05 00:00:00+00,2018/06/05 00:00:00+00,7666/14,LUÍS EDUARDO MAGALHÃES,BA, ,-,-12.075556,-45.908056
-45.9087029706543,-12.0759921504532,74,75,IRRIGAÇÃO,Irrigação,Irrigação,Superficial,318.458333,0.088461,2014/06/05 00:00:00+00,2018/06/05 00:00:00+00,7666/14,LUÍS EDUARDO MAGALHÃES,BA, ,-,-12.075556,-45.908333
-45.894813983362,-12.0698810293238,75,76,IRRIGAÇÃO,Irrigação,Irrigação,Superficial,335.333333,0.093148,2014/06/05 00:00:00+00,2018/06/05 00:00:00+00,7666/14,LUÍS EDUARDO MAGALHÃES,BA, ,-,-12.069444,-45.894444
-45.8928695248694,-12.0684921374091,76,77,IRRIGAÇÃO,Irrigação,Irrigação,Superficial,359.458333,0.09985,2014/06/05 00:00:00+00,2018/06/05 00:00:00+00,7666/14,LUÍS EDUARDO MAGALHÃES,BA, ,-,-12.068056,-45.8925
-45.770649910952,-14.3254469846651,77,78,IRRIGAÇÃO,Irrigação,Irrigação,Superficial,1875,0.520833,2014/07/01 00:00:00+00,2018/07/01 00:00:00+00,7806/14,JABORANDI,BA, ,PRATUDINHO,-14.325,-45.770278
-46.0812068888178,-13.9548893191233,78,79,IRRIGAÇÃO,Irrigação,Irrigação,Superficial,412.625,0.114618,2014/07/06 00:00:00+00,2018/07/06 00:00:00+00,7828/14,CORRENTINA,BA, ,ARROJADO,-13.954444,-46.080833
-45.8953698194611,-12.2698819611957,79,80,IRRIGAÇÃO,Irrigação,Irrigação,Superficial,760.833333,0.211343,2014/07/10 00:00:00+00,2018/07/10 00:00:00+00,7859/14,LUIZ EDUARDO MAGALHÃES,BA, ,BORÁ,-12.269444,-45.895
-45.7364799710116,-12.3204379669987,80,81,IRRIGAÇÃO,Irrigação,Irrigação,Superficial,650.291667,0.180637,2014/07/20 00:00:00+00,2018/07/20 00:00:00+00,7933/14,BARREIRAS,BA, ,ONDAS,-12.32,-45.736111
-45.6224229473947,-11.7882967265834,81,82,IRRIGAÇÃO,Irrigação,Irrigação,Superficial,883.041667,0.245289,2014/07/23 00:00:00+00,2018/07/23 00:00:00+00,7944/14,BARREIRAS,BA, ,RIO GRANDE,-11.787861,-45.622056
-45.5437301453758,-13.3048594362698,82,83,IRRIGAÇÃO,Irrigação,Irrigação,Superficial,874.541667,0.242928,2014/07/25 00:00:00+00,2018/07/25 00:00:00+00,7968/14,CORRENTINA,BA, ,RIO DO MEIO,-13.304417,-45.543361
-45.3650335962328,-12.6694400991178,83,84,IRRIGAÇÃO,Irrigação,Irrigação,Superficial,683.333333,0.189815,2014/08/20 00:00:00+00,2018/08/20 00:00:00+00,8160/14,SÃO DESIDÉRIO,BA, ,GALHEIRÃO,-12.669,-45.364667
-45.4363946612747,-12.3063271940207,84,85,IRRIGAÇÃO,Irrigação,Irrigação,Superficial,883.041667,0.245289,2014/08/20 00:00:00+00,2018/08/20 00:00:00+00,8161/14,BARREIRAS,BA, ,RIO DE ONDAS,-12.305889,-45.436028
-45.7333324107226,-13.9629009982458,85,86,IRRIGAÇÃO,Irrigação,Irrigação,Superficial,936.47875,0.260133,2014/08/24 00:00:00+00,2018/08/24 00:00:00+00,8213/14,JABORANDI,BA, ,VEREDÃOZINHO,-13.962456,-45.732961
-45.7648156572218,-13.7790334665249,86,87,IRRIGAÇÃO,Irrigação,Irrigação,Superficial,1598.333333,0.443981,2014/08/24 00:00:00+00,2018/08/24 00:00:00+00,8213/14,JABORANDI,BA, ,ARROJADO,-13.778589,-45.764444
-45.8191770997873,-13.7641944293941,87,88,IRRIGAÇÃO,Irrigação,Irrigação,Superficial,2968.333333,0.824537,2014/08/24 00:00:00+00,2018/08/24 00:00:00+00,8213/14,JABORANDI,BA, ,ARROJADO,-13.76375,-45.818806
-45.7617352617953,-13.8923506426569,88,89,IRRIGAÇÃO,Irrigação,Irrigação,Superficial,3281.25,0.911458,2014/08/28 00:00:00+00,2018/08/28 00:00:00+00,8237/14,SÃO DESIDÉRIO,BA, ,GALHEIRÃO,-13.891906,-45.761364
-45.5495350807815,-12.8623851796454,89,90,IRRIGAÇÃO,Irrigação,Irrigação,Superficial,975.416667,0.270949,2014/08/29 00:00:00+00,2018/08/29 00:00:00+00,8254/14,SÃO DESIDÉRIO,BA, ,GRANDE,-12.861944,-45.549167
-45.3775892738762,-12.6976624350207,90,91,IRRIGAÇÃO,Irrigação,Irrigação,Superficial,200.833333,0.055787,2014/09/04 00:00:00+00,2018/09/03 00:00:00+00,8296/14,SÃO DESIDÉRIO,BA, ,RIO GALHEIRÃO,-12.697222,-45.377222
-45.3775892738762,-12.6976624350207,91,92,IRRIGAÇÃO,Irrigação,Irrigação,Superficial,251.541667,0.069873,2014/09/04 00:00:00+00,2018/09/03 00:00:00+00,8294/14,SÃO DESIDÉRIO,BA, ,RIO GALHEIRÃO,-12.697222,-45.377222
-45.3775892738762,-12.6976624350207,92,93,IRRIGAÇÃO,Irrigação,Irrigação,Superficial,200.833333,0.055787,2014/09/04 00:00:00+00,2018/09/03 00:00:00+00,8295/14,SÃO DESIDÉRIO,BA, ,RIO GALHEIRÃO,-12.697222,-45.377222
-45.5959227742967,-11.7876578697451,93,94,IRRIGAÇÃO,Irrigação,Irrigação,Superficial,1727.125,0.479757,2014/09/09 00:00:00+00,2018/09/08 00:00:00+00,8309/14,BARREIRAS,BA, ,RIO BRANCO,-11.787222,-45.595556
-45.9851759487911,-12.2647984833645,94,95,IRRIGAÇÃO,Irrigação,Irrigação,Superficial,283.333333,0.078704,2014/09/16 00:00:00+00,2018/09/15 00:00:00+00,8356/14,LUIS EDUARDO MAGALHÃES,BA, ,RIO BORÁ,-12.264361,-45.984806
-45.6953701186421,-13.365998381631,95,96,IRRIGAÇÃO,Irrigação,Irrigação,Superficial,1766.666667,0.490741,2014/09/18 00:00:00+00,2018/09/17 00:00:00+00,8383/14,CORRENTINA,BA, ,RIO DO MEIO,-13.365556,-45.695
-45.9739812994487,-12.1691869430613,96,97,IRRIGAÇÃO,Irrigação,Irrigação,Superficial,800.333333,0.222315,2014/09/18 00:00:00+00,2018/09/17 00:00:00+00,8386/14,LUIS EDUARDO MAGALHÃES,BA, ,RIO DE PEDRAS,-12.16875,-45.973611
-45.9701480613057,-12.2552984595509,97,98,IRRIGAÇÃO,Irrigação,Irrigação,Superficial,545.125,0.151424,2014/09/23 00:00:00+00,2018/09/22 00:00:00+00,8417/14,LUIS EDUARDO MAGALHÃES,BA, ,RIO BORÁ,-12.254861,-45.969778
-45.5200905614086,-12.9423855893645,98,99,IRRIGAÇÃO,Irrigação,Irrigação,Superficial,1128.833333,0.313565,2014/09/25 00:00:00+00,2018/09/24 00:00:00+00,8432/14,SÃO DESIDÉRIO,BA, ,RIO GRANDE,-12.941944,-45.519722
-46.0545368550116,-11.786823937838,99,100,IRRIGAÇÃO,Irrigação,Irrigação,Superficial,1086.791667,0.301887,2014/09/26 00:00:00+00,2018/09/25 00:00:00+00,8444/14,BARREIRAS,BA, ,RIO DE JANEIRO,-11.786389,-46.054167
-45.499533788123,-12.1801598497776,100,101,IRRIGAÇÃO,Irrigação,Irrigação,Superficial,400,0.111111,2014/09/27 00:00:00+00,2018/09/26 00:00:00+00,8453/14,BARREIRAS,BA, ,RIO DAS PEDRAS,-12.179722,-45.499167
-45.729257099008,-11.8809914706384,101,102,IRRIGAÇÃO,Irrigação,Irrigação,Superficial,960.541667,0.266817,2014/09/30 00:00:00+00,2018/09/29 00:00:00+00,8758/14,BARREIRAS,BA, ,RIO DE JANEIRO,-11.880556,-45.728889
-45.9495366968832,-12.1696036447492,102,103,IRRIGAÇÃO,Irrigação,Irrigação,Superficial,1727.708333,0.479919,2014/09/30 00:00:00+00,2018/09/29 00:00:00+00,8459/14,LUIS EDUARDO MAGALHÃES,BA, ,RIO DAS PEDRAS,-12.169167,-45.949167
-45.7230059502268,-11.8830628785613,103,104,IRRIGAÇÃO,Irrigação,Irrigação,Superficial,1180.125,0.327813,2014/10/01 00:00:00+00,2016/06/25 00:00:00+00,8476/14,BARREIRAS,BA, ,RIO DE JANEIRO,-11.882627,-45.722638
-45.4481447624009,-12.3231605902282,104,105,IRRIGAÇÃO,Irrigação,Irrigação,Superficial,1042.128333,0.28948,2014/10/03 00:00:00+00,2018/10/02 00:00:00+00,8501/14,BARREIRAS,BA, ,RIO DAS ONDAS,-12.322722,-45.447778
-45.5997283545576,-11.7872967511219,105,106,IRRIGAÇÃO,Irrigação,Irrigação,Superficial,9677.583333,2.688218,2014/10/03 00:00:00+00,2018/10/02 00:00:00+00,8503/14,RIACHÃO DAS NEVES,BA, ,RIO BRANCO,-11.786861,-45.599361
-45.861174979596,-12.1441869773534,106,107,IRRIGAÇÃO,Irrigação,Irrigação,Superficial,964.041667,0.267789,2014/10/03 00:00:00+00,2018/10/02 00:00:00+00,8504/14,LUIS EDUARDO MAGALHÃES,BA, ,RIO DAS PEDRAS,-12.14375,-45.860806
-45.4972004427303,-12.182215418551,107,108,IRRIGAÇÃO,Irrigação,Irrigação,Superficial,2050.041667,0.569456,2014/10/04 00:00:00+00,2018/10/03 00:00:00+00,8520/14,BARREIRAS,BA, ,RIO DAS PEDRAS,-12.181778,-45.496833
-45.9043974951474,-12.1547425238866,108,109,IRRIGAÇÃO,Irrigação,Irrigação,Superficial,964.041667,0.267789,2014/10/15 00:00:00+00,2018/10/14 00:00:00+00,8596/14,LUIS EDUARDO MAGALHÃES,BA, ,RIO DAS PEDRAS,-12.154306,-45.904028
-45.7962859046311,-12.3134100754698,109,110,IRRIGAÇÃO,Irrigação,Irrigação,Superficial,731,0.203056,2014/10/22 00:00:00+00,2018/10/22 00:00:00+00,8647/14,LUIS EDUARDO MAGALHÃES,BA, ,RIO BORA,-12.312972,-45.795917
-45.499533788123,-12.1801598497776,110,111,IRRIGAÇÃO,Irrigação,Irrigação,Superficial,750,0.208333,2014/11/21 00:00:00+00,2018/11/20 00:00:00+00,8794/14,BARREIRAS,BA, ,RIO DAS PEDRAS,-12.179722,-45.499167
-45.4517565511479,-12.784329401018,111,112,IRRIGAÇÃO,Irrigação,Irrigação,Superficial,700,0.194444,2014/11/26 00:00:00+00,2018/11/25 00:00:00+00,8839/14,SÃO DESIDÉRIO,BA, ,BACIA DO RIO DAS FÊMEAS,-12.783889,-45.451389
-45.5437301453758,-13.3048594362698,112,113,IRRIGAÇÃO,Irrigação,Irrigação,Superficial,291.516667,0.080977,2014/11/27 00:00:00+00,2018/11/26 00:00:00+00,8847/14,CORRENTINA,BA, ,RIO DO MEIO,-13.304417,-45.543361
-45.3775892738762,-12.6976624350207,113,114,IRRIGAÇÃO,Irrigação,Irrigação,Superficial,500,0.138889,2014/12/06 00:00:00+00,2018/12/05 00:00:00+00,8914/14,SÃO DESIDÉRIO,BA, ,RIO GALHEIRÃO,-12.697222,-45.377222
-45.5031450981373,-12.3064104377779,114,115,IRRIGAÇÃO,Irrigação,Irrigação,Superficial,1460.708333,0.405752,2014/12/06 00:00:00+00,2018/12/05 00:00:00+00,8913/14,BARREIRAS,BA, ,RIO DE ONDAS,-12.305972,-45.502778
-45.5205063175641,-12.302938176179,115,116,IRRIGAÇÃO,Irrigação,Irrigação,Superficial,1950.833333,0.541898,2014/12/06 00:00:00+00,2018/12/05 00:00:00+00,8913/14,BARREIRAS,BA, ,RIO DE ONDAS,-12.3025,-45.520139
-45.7748132945924,-12.1340481560719,116,117,IRRIGAÇÃO,Irrigação,Irrigação,Superficial,358.333333,0.099537,2014/12/19 00:00:00+00,2018/12/18 00:00:00+00,8983/14,LUIS EDUARDO MAGALHÃES,BA, ,RIO DAS PEDRAS,-12.133611,-45.774444
-45.4896181255286,-12.9324411426111,117,118,IRRIGAÇÃO,Irrigação,Irrigação,Superficial,593.333333,0.164815,2015/01/07 00:00:00+00,2019/01/06 00:00:00+00,9.034/15,SÃO DESIDÉRIO,BA, ,RIO GRANDE,-12.932,-45.48925
-45.4896181255286,-12.9324411426111,118,119,IRRIGAÇÃO,Irrigação,Irrigação,Superficial,754.208333,0.209502,2015/01/07 00:00:00+00,2019/01/06 00:00:00+00,9.036/15,SÃO DESIDÉRIO,BA, ,RIO GRANDE,-12.932,-45.48925
-45.4909236853231,-12.929885573004,119,120,IRRIGAÇÃO,Irrigação,Irrigação,Superficial,3135.875,0.871076,2015/01/07 00:00:00+00,2019/01/06 00:00:00+00,9.035/15,SÃO DESIDÉRIO,BA, ,RIO GRANDE,-12.929444,-45.490556
-45.7238404793207,-11.9422139894347,120,121,IRRIGAÇÃO,Irrigação,Irrigação,Superficial,1778,0.493889,2015/01/23 00:00:00+00,2019/01/22 00:00:00+00,9.132/15,LUÍS EDUARDO MAGALHÃES,BA, ,RIO SANTO ANTÔNIO,-11.941778,-45.723472
-45.5445364117016,-13.7621115002346,121,122,IRRIGAÇÃO,Irrigação,Irrigação,Superficial,7.591792,0.002109,2015/01/28 00:00:00+00,2019/01/27 00:00:00+00,9.159/15,CORRENTINA,BA, ,RIO ARROJADO,-13.761667,-45.544167
-45.522590578978,-12.9432189236662,122,123,IRRIGAÇÃO,Irrigação,Irrigação,Superficial,495.416667,0.137616,2015/03/06 00:00:00+00,2019/03/05 00:00:00+00,9.377/15,SÃO DESIDÉRIO,BA, ,RIO GRANDE,-12.942778,-45.522222
-45.512868293406,-12.9432189373969,123,124,IRRIGAÇÃO,Irrigação,Irrigação,Superficial,810.041667,0.225012,2015/03/06 00:00:00+00,2019/03/05 00:00:00+00,9.378/15,SÃO DESIDÉRIO,BA, ,RIO GRANDE,-12.942778,-45.5125
-45.6063207391018,-12.2836990817931,124,125,IRRIGAÇÃO,Irrigação,Irrigação,Superficial,636.375,0.176771,2015/03/06 00:00:00+00,2019/03/05 00:00:00+00,9.376/15,BARREIRAS,BA, ,RIO DE ONDAS,-12.283261,-45.605953
-45.6957867890407,-13.3664428270319,125,126,IRRIGAÇÃO,Irrigação,Irrigação,Superficial,1041.1125,0.289198,2015/03/21 00:00:00+00,2019/03/20 00:00:00+00,9.465/15,CORRENTINA,BA, ,RIO DO MEIO,-13.366,-45.695417
-45.8537025637897,-12.0382142695748,126,127,IRRIGAÇÃO,Irrigação,Irrigação,Superficial,151.291667,0.042025,2015/04/17 00:00:00+00,2019/04/16 00:00:00+00,9.619/15,LUIS EDUAROD MAGALHÃES,BA, ,RIO DAS BALSAS,-12.037778,-45.853333
-45.1781436251854,-12.7698852701157,127,128,IRRIGAÇÃO,Irrigação,Irrigação,Superficial,483,0.134167,2015/04/18 00:00:00+00,2019/04/17 00:00:00+00,9.636/15,SÃO DESIDÉRIO,BA, ,RIO GRANDE,-12.769444,-45.177778
-45.1781436251854,-12.7698852701157,128,129,IRRIGAÇÃO,Irrigação,Irrigação,Superficial,489.2125,0.135892,2015/04/18 00:00:00+00,2019/04/17 00:00:00+00,9.638/15,SÃO DESIDÉRIO,BA, ,RIO GRANDE,-12.769444,-45.177778
-45.1781436251854,-12.7698852701157,129,130,IRRIGAÇÃO,Irrigação,Irrigação,Superficial,417.829167,0.116064,2015/04/18 00:00:00+00,2019/04/17 00:00:00+00,9.637/15,SÃO DESIDÉRIO,BA, ,RIO GRANDE,-12.769444,-45.177778
-45.1781436251854,-12.7698852701157,130,131,IRRIGAÇÃO,Irrigação,Irrigação,Superficial,516.921667,0.143589,2015/04/24 00:00:00+00,2019/04/23 00:00:00+00,9.643/15,SÃO DESIDÉRIO,BA, ,RIO GRANDE,-12.769444,-45.177778
-45.4001444436976,-12.3194939704992,131,132,IRRIGAÇÃO,Irrigação,Irrigação,Superficial,1492.333333,0.414537,2015/05/22 00:00:00+00,2019/05/21 00:00:00+00,9.774/15,BARREIRAS,BA, ,RIO DE ONDAS,-12.319056,-45.399778
-45.5031450981373,-12.3064104377779,132,133,IRRIGAÇÃO,Irrigação,Irrigação,Superficial,1460.708333,0.405752,2015/06/19 00:00:00+00,2018/12/06 00:00:00+00,9.912/15,BARREIRAS,BA, ,RIO DE ONDAS,-12.305972,-45.502778
-45.5205063175641,-12.302938176179,133,134,IRRIGAÇÃO,Irrigação,Irrigação,Superficial,1950.833333,0.541898,2015/06/19 00:00:00+00,2018/12/06 00:00:00+00,9.912/15,BARREIRAS,BA, ,RIO DE ONDAS,-12.3025,-45.520139
-45.8281463507723,-11.6729348040223,134,135,IRRIGAÇÃO,Irrigação,Irrigação,Superficial,628.666667,0.17463,2015/07/21 00:00:00+00,2019/07/20 00:00:00+00,10.035/15,RIACHÃO DAS NEVES,BA, ,RIO BRANCO,-11.6725,-45.827778
-46.2164026109146,-14.1998068485936,135,136,PISCICULTURA,Aquicultura,Outros,Superficial,16.92,0.0047,2014/11/11 00:00:00+00,2020/11/09 00:00:00+00, ,Posse,GO, , ,-14.199361,-46.216028
-46.2048858590833,-14.1937040620446,136,137,PISCICULTURA,Aquicultura,Outros,Superficial,82.548,0.02293,2014/11/11 00:00:00+00,2020/11/09 00:00:00+00, ,Posse,GO, , ,-14.193258,-46.204511
-46.1386801775125,-14.3779549670668,137,138,IRRIGAÇÃO,Irrigação,Irrigação,Superficial,353.34,0.09815,2015/06/15 00:00:00+00,2021/06/13 00:00:00+00, ,Mambaí,GO, , ,-14.377508,-46.138306
-46.1386801775125,-14.3779549670668,138,139,IRRIGAÇÃO,Irrigação,Irrigação,Superficial,334.728,0.09298,2015/06/15 00:00:00+00,2021/06/13 00:00:00+00, ,Mambaí,GO, , ,-14.377508,-46.138306
-46.7967635221308,-11.5235328515568,139,182,ABASTECIMENTO PÚBLICO,Abastecimento público,Abastecimento urbano/rural,Superficial,230,0.063889,2014/08/21 00:00:00+00,2019/08/21 00:00:00+00,PORTARIA 410/2014,DIANÓPOLIS-TO,TO, ,CORREGO MORENA,-11.5231,-46.796389
-46.9103086972598,-11.3370952220737,140,183,PISCICULTURA,Aquicultura,Outros,Superficial,660,0.183333,2014/12/01 00:00:00+00,2017/12/01 00:00:00+00,PORTARIA 598/2014,ALMAS-TO,TO, ,RIO PEIXINHO,-11.336663,-46.909934
-46.7434295762507,-11.3470987695222,141,184,irrigação,Irrigação,Irrigação,Superficial,6.25,0.001736,2010/09/27 00:00:00+00,2015/09/27 00:00:00+00,659/2010,Rio da Conceição,TO, ,Rio Manuel Alves,-11.346667,-46.743056
